imdbId,imdbid,Movie Name,Argentina,Australia,Austria,Belgium,Brazil,Bulgaria,Chile,China,Colombia,Czech Republic,Denmark,Domestic,Ecuador,Egypt,Finland,France,Germany,Ghana,Greece,Hong Kong,Hungary,Iceland,India,Israel,Italy,Japan,Kenya,Kuwait,Lebanon,Lithuania,Malaysia,Mexico,Netherlands,New Zealand,Nigeria,Norway,Oman,Peru,Philippines,Poland,Portugal,Romania,Russia/CIS,Serbia and Montenegro,Singapore,Slovakia,Slovenia,South Africa,South Korea,Spain,Sweden,Switzerland,Taiwan,Thailand,Türkiye,Ukraine,United Arab Emirates,United Kingdom,Uruguay,Venezuela,Vietnam
0235841,,No Place to Go (2000),,,,,,,,,,,,,,,,"$5,252",,,,,,,,,"$36,227",,,,,,,,,,,,,,,,,,,,,,,,,,,,,,,,,,,,
0808462,,7 Years (2006),"$48,878",,,,,,,,,,,,,,,,,,,,,,,,,,,,,,,,,,,,,,,,,,,,,,,,,,,,,,,,,,"$1,095",,
0288092,,Bread and Milk (2001),,,,,,,,,,,,,,,,"$3,299",,,,,,,,,,,,,,,,,,,,,,,,,,,,,,,,,$50,,,,,,,,,,,,
0971170,,La león (2007),"$8,333",,,$230,"$3,985",,,,,,,,,,,,"$11,925",,,,,,,,,,,,,,,,"$1,134",,,,,,,,,,,,,,,,,$450,,,,,,,,,,,
0819785,,The Matrimony (2007),,,,,,,,"$1,418,495",,,,,,,,,,,,,,,,,,,,,,,,,,,,,,,,,,,,,,,,,,,,,,,,,,,,,
0380249,,Tears for Sale (2008),,,,,,,,,,,,,,,,"$19,314",,,,,,,,,,,,,,,,,,,,,,,,,,,,"$634,620",,,,,,,,,,,,,,,,,
0498134,,L'héritage (2006),,,,,,,,,,,,,,,,,,,,,,,,,,,,,,,,,,,,,,,,,,,"$5,587",,,,,,,,,,,,,,,,,,
0480572,,Pyaar Ke Side Effects (2006),,,,,,,,,,,,,,,,,,,,,,,,,,,,,,,,,,,,,,,,,,,,,,,,,,,,,,,,,,"$30,484",,,
0476805,,Malamaal Weekly (2006),,,,,,,,,,,,,,,,,,,,,,,"$5,192,295",,,,,,,,,,,,,,,,,,,,,,,,,,,,,,,,,,,"$549,397",,,
1239446,,The Last Days of Emma Blank (2009),"$4,684",,,,,,,,,,,,,,,,,,,,,,,,,,,,,,,,,,,,,,,,,,"$26,713",,"$13,179",,,,,,,,,,,,,,,,
0400598,,Lepel (2005),,,,,,,,,,,,,,,,,,,,,,,,,,,,,,,,,"$1,430,478",,,"$58,461",,,,,,,,,,,,,,,,,,,,,,,,,
0304776,,Pleasant Days (2002),,,,,,"$1,111",,,,,,,,,,,,,,,,,,,,,,,,,,,,,,,,,,,,,,,,,,,"$3,521",,,,,,,,,,,,
3850496,,Chronic (2015),,,,,,,,,,,,,,,,,,,,,,,,,,,,,,,,"$289,437","$29,285",,,,,,,,"$1,092",,,,,,,,"$31,387",,,,,,"$4,427",,,"$10,043",,,
0488798,,Welcome (2007),,"$136,190",,,,,,,,,,,,,,,,,,,,,"$29,170,783",,,,,,,,"$11,391",,,"$23,671",,,,,,,,,,,,,,,,,,,,,,,,,,,
0995740,,No Smoking (2007),,,,,,,,,,,,,,,,,,,,,,,"$758,215",,,,,,,,,,,,,,,,,,,,,,,,,,,,,,,,,,,,,,
0823451,,Dus Kahaniyaan (2007),,"$32,797",,,,,,,,,,,,,,,,,,,,,"$3,100,861",,,,,,,,,,,,,,,,,,,,,,,,,,,,,,,,,,,"$173,949",,,
0995827,,The Train: Some Lines Should Never Be Crossed... (2007),,,,,,,,,,,,,,,,,,,,,,,"$1,225,134",,,,,,,,,,,,,,,,,,,,,,,,,,,,,,,,,,,,,,
1020937,,Awarapan (2007),,,,,,,,,,,,,,,,,,,,,,,"$3,652,254",,,,,,,,,,,,,,,,,,,,,,,,,,,,,,,,,,,,,,
0489486,,"Good Boy, Bad Boy (2007)",,,,,,,,,,,,,,,,,,,,,,,"$2,566,887",,,,,,,,,,,,,,,,,,,,,,,,,,,,,,,,,,,,,,
0995035,,Dhol (2007),,"$18,024",,,,,,,,,,,,,,,,,,,,,"$3,626,209",,,,,,,,,,,,,,,,,,,,,,,,,,,,,,,,,,,,,,
0473367,,Jaane Tu... Ya Jaane Na (2008),,"$94,064",,,,,,,,,,,,,,,,,,,,,"$18,849,376",,,,,"$23,261",,,,,,,,,,,,,,,,,,,,"$13,191",,,,,,,,,,"$268,857",,,
1182972,,Bachna Ae Haseeno (2008),,"$158,270",,,,,,,,,,,,,,,,,,,,,"$9,842,212",,,,,"$47,419",,,"$7,261",,,"$7,011",,,,,,,,,,,,,,"$48,058",,,,,,,,,,"$574,033",,,
0964516,,Fashion (2008),,"$47,849",,,,,,,,,,,,,,,,,,,,,"$8,354,547",,,,,,,,"$3,269",,,$369,,,,,,,,,,,,,,,,,,,,,,,,"$61,237",,,
1185420,,Friendship (2008),,"$211,903",,,,,,,,,,,,,,,,,,,,,"$14,578,677",,,,,,,,"$30,843",,"$133,529","$38,641",,,,,,,,,,,,,,"$119,063",,,,,,,,,,"$1,422,954",,,
1182908,,Krazzy 4 (2008),,"$39,303",,,,,,,,,,,,,,,,,,,,,"$6,459,038",,,,,"$12,354",,,"$7,807",,,,,,,,,,,,,,,,,,,,,,,,,,,"$268,364",,,
0991346,,Bhoothnath (2008),,"$54,372",,"$7,205",,,,,,,,,,,,,,,,,,,"$11,164,612",,,,,"$51,091",,,"$7,760",,,,,,,,,,,,,,,,,"$19,641",,,,,,,,,,"$404,071",,,
0892874,,Halla Bol (2008),,,,,,,,,,,,,,,,,,,,,,,"$4,000,628",,,,,,,,,,,,,,,,,,,,,,,,,,,,,,,,,,,,,,
1092005,,Golmaal Returns (2008),,"$33,021",,,,,,,,,,,,,,,,,,,,,"$15,706,257",,,,,,,,,,,"$16,012",,,,,,,,,,,,,,,,,,,,,,,,,,,
1216300,,Jannat: In Search of Heaven... (2008),,,,,,,,,,,,,,,,,,,,,,,"$9,088,535",,,,,,,,,,,,,,,,,,,,,,,,,,,,,,,,,,,,,,
0995752,,Tashan (2008),,"$222,019",,,,,,,,,,,,,,,,,,,,,"$9,522,232",,,,,"$31,292",,,,,"$17,966","$15,777",,,,,,,,,,,,,,"$314,584",,,,,,,,,,"$702,087",,,
1221133,,EMI: Liya Hai To Chukana Padega (2008),,,,,,,,,,,,,,,,,,,,,,,"$1,352,299",,,,,,,,"$1,193",,,,,,,,,,,,,,,,,,,,,,,,,,,,,,
1156148,,Karzzzz (2008),,"$8,107",,,,,,,,,,,,,,,,,,,,,"$3,944,212",,,,,,,,"$138,239",,,"$6,753",,,,,,,,,,,,,,,,,,,,,,,,,,,
4400028,,No Kids (2015),"$2,851,138",,,,"$72,071",,"$38,828",,,,,,,,,,,,,,,,,,,,,,,,,,,,,,,"$446,052",,,,,,,,,,,,,,,,,,,,,"$255,561",,
1406161,,I'm Glad My Mother Is Alive (2009),,,,"$4,937","$9,283",,,,,,,,,,,,,,,,,,,,,,,,,,,,,,,,,,,,,,"$8,215",,,,,,,,,,,,,,,,,,
0388242,,Mariages! (2004),,,,,,"$6,818",,,,,,,,,,"$12,987,113",,,,,,,,,,,,,"$4,197",,,,,,,,,,,,,,,,,,,,,,,,,,,,,,,,
0366840,,Okkadu (2003),,"$2,393",,,,,,,,,,,,,,,,,,,,,,,,,,,,,,,,,,,,,,,,,,,,,,,,,,,,,,,,,,,
1105709,,8 x 10 Tasveer (2009),,,,,,,,,,,,,,,,,,,,,,,"$2,869,784",,,,,,,,,,,,,,,,,,,,,,,,,,,,,,,,,,,,,,
1433905,,All the Best: Fun Begins (2009),,"$10,702",,,,,,,,,,,,,,,,,,,,,,,,,,,,,"$14,592",,,"$4,895",,,,,,,,,,,,,,,,,,,,,,,,,,,
0848596,,Mutum (2007),,,,,"$124,314",,,,,,,,,,,"$12,125",,,,,,,,,,,,,,,,,,,,,,,,,,,,,,,,,,,,,,,,,,,,,
0447679,,Winky's Horse (2005),,,,,,,,,,,,,,,,,,,,,,,,,,,,,,,,,"$2,955,239",,,"$119,264",,,,,,,,,,,,,,,,,,,,,,,,,
1576450,,Lily Sometimes (2010),,,,,,,,,,,,,,,,,,,,,,,,,,,,,,,,,,,,,,,,,,,,,,,,,,,,,"$2,898",,,,,,,,
0396690,,Kisna: The Warrior Poet (2005),,,,,,,,,,,,,,,,,,,,,,,,,,,,,,,,,,,,,,,,,,,,,,,,,,,,,,,,,,"$338,613",,,
3219604,,The Last Man on the Moon (2014),,,,,,,,,,,,,,,,,,,,,,,,,,,,,,,,,,,,,,,,,,,,,,,,,,,,,,,,,,"$1,399",,,
4104054,,Dad's Army (2016),,,,,,,,,,,,,,,,,,,,,,,,,,,,,,,,,,"$427,369",,,,,,,,,,,,,,,,,,,,,,,,,,,
1620719,,Dabangg (2010),,"$255,674",,,,,,,,,,,,,,,,,,,,,,,,,,,,,"$48,117",,,"$63,461",,,,,,,,,,,,,,"$39,285",,,,,,,,,,"$1,247,468",,,
1455811,,Khatta Meetha (2010),,"$57,277",,,,,,,,,,,,,,,,,,,,,"$7,278,655",,,,,,,,"$20,510",,,"$30,041",,,,,,,,,,,,,,,,,,,,,,,,"$391,082",,,
1562859,,Golmaal 3 (2010),,"$349,134",,,,,,,,,,,,,,,,,,,,,,,,,,,,,"$44,167",,,"$94,228","$8,398",,,,,,,,,,,,,"$19,144",,,,,,,,,,"$420,273",,,
1734110,,No One Killed Jessica (2011),,"$59,492",,,,,,,,,,,,,,,,,,,,,,,,,,,,,,,,"$6,711",,,,,,,,,,,,,,,,,,,,,,,,"$127,569",,,
1729637,,Bodyguard (2011),,"$266,151",,,,,,,,,,,,,,,,,,,,,"$26,825,717",,,,,,,,"$82,397",,,"$105,651",,,,,,,,,,,,,,"$124,140",,,,,,,,,,"$2,277,769",,,
1720254,,Thank You (2011),,"$57,278",,,,,,,,,,,,,,,,,,,,,,,,,,,,,"$35,015",,,"$41,152",,,,,,,,,,,,,,,,,,,,,,,,"$756,833",,,
0384639,,Uno (2004),"$5,780",,,,,,,,,,,,,,,,,,,,,,,,,,,,,,,,,,,"$3,228,913",,,,,,,,,,,,,,,,,,,,,,,,,
4938374,,Open Season: Scared Silly (2015),,,,,,,,,,,,,,,,,,,,,,,,,,,,,,,,,,,,,,,,,,,"$621,139",,,,,,,,,,,,,,,,,,
0050166,,Band of Angels (1957),,,,,,,,,,,,,,,,,,,,,,,,,,,,,,,,,,,,,,,,,$315,,,,,,,,,,,,,,,,,,,,
1092002,,Kiss of Life (2007),,"$5,483",,,,,,,,,,,,,,,,,"$2,721,704",,,,,,,,,,,,,,,,,,,,,,,,,,,,,,,,,,,,,,,,,,
2571140,,Boss (2013),,"$53,580",,,,,,,,,,,,,,,,,,,,,,,,,,,,,,,,"$52,138",,,,,,,,,,,,,,,,,,,,,,,,,,,
2621000,,Jolly LLB (2013),,,,,,,,,,,,,,,,,,,,,,,"$5,586,355",,,,,,,,,,,"$26,157",,,,,,,,,,,,,,,,,,,,,,,,,,,
2988272,,Shuddh Desi Romance (2013),,"$42,654",,,,,,,,,,,,,,,,,,,,,"$6,453,007",,,,,,,,,,,"$20,942",,,,,,,,,,,,,,,,,,,,,,,,,,,
2406676,,Ek Thi Daayan (2013),,,,,,,,,,,,,,,,,,,,,,,,,,,,,,,"$4,455",,,,,,,,,,,,,,,,,,,,,,,,,,,"$89,689",,,
0293849,,The Little Polar Bear (2001),,,"$861,882",,,,,,,,,,,,,"$964,747","$10,381,665",,,,,,,,,,,,,,,,"$703,440",,,,,,,,,,,,,,,,,,,"$767,524",,,,,,"$1,167,736",,,
0095967,,Directed by Andrei Tarkovsky (1988),,,,,,,,,,,,,,,,,,,,,,,,,,,,,,,,,,,,,,,,,"$15,851",,,,,,,,,,,,,,,,,,,,
3480886,,Ma ma (2015),,,,,,"$20,810",,,"$21,015","$13,363",,"$47,258",,,"$7,121","$70,386",,,,,,,,,"$78,801",,,,"$13,380","$1,731",,,,,,,,,,"$68,719",,"$2,196","$28,357",,,"$1,172","$3,648",,"$45,445","$934,143",,,"$4,560",,"$6,613",,,"$8,806",,,
2309764,,Singham Returns (2014),,"$137,613",,,,,,,,,,,,,,,,,,,,,,,,,,,,,,,,"$8,553",,,,,,,,,,,,,,,,,,,,,,,,"$596,561",,,
3483712,,Raja Natwarlal (2014),,,,,,,,,,,,,,,,,,,,,,,,,,,,,,,,,,,,,,,,,,,,,,,,,,,,,,,,,,"$125,873",,,
2675978,,Dedh Ishqiya (2014),,,,,,,,,,,,,,,,,,,,,,,"$5,429,703",,,,,,,,,,,,,,,,,,,,,,,,,,,,,,,,,,,,,,
3173910,,Hasee Toh Phasee (2014),,,,,,,,,,,,,,,,,,,,,,,"$5,998,081",,,,,,,,,,,"$22,947",,,,,,,,,,,,,,,,,,,,,,,,"$247,924",,,
2372678,,2 States (2014),,"$330,321",,,,,,,,,,,,,,,,,,,,,"$18,827,631",,,,,,,,,,,"$109,497",,,,,,,,,,,,,,,,,,,,,,,,"$880,895",,,
3142232,,Heropanti (2014),,,,,,,,,,,,,,,,,,,,,,,,,,,,,,,,,,"$27,136",,,,,,,,,,,,,,,,,,,,,,,,,,,
3202202,,Palm Trees in the Snow (2015),,,,,,,,,,,,,,,,,,,,,,,,,,,,,,,,"$95,383",,,,,,,,,,,"$25,317",,,,,,,,,,,,,,,,,,
3626742,,Spanish Affair 2 (2015),"$86,111",,,,,,,,,,,,,,,,,,,,,,,,,,,,,,,"$81,273",,,,,,,,,,,,,,,,,,,,,,,,,,,"$103,072",,
0924004,,The Prisoner (2007),,,,,,,,,,,,,,,,,,,,,,,,,,,,,,,,,,,,,,,,,,,,,,,,,"$9,246",,,,,,,,,,,,
1087841,,Sunshine Barry and the Disco Worms (2008),,,,,"$276,734",,,,,,,,,,,,,,,,,,,,,,,,,,"$24,277","$19,074",,,,,,,,,,,"$185,621",,"$1,970",,,,"$51,165",,,,,,,,,,,,
0314502,,Phileine Says Sorry (2003),,,,,,,,,,,,,,,,,,,,,,,,,,,,,,,,,"$392,633",,,,,,,,,,,,,,,,,,,,"$3,351",,,,,,,,
3022458,,The Shamer's Daughter (2015),,,"$4,225",,,,,"$23,562",,,"$2,134,294",,,,,,"$32,507",,,,,"$4,284",,,,,,,,,,,,,,"$91,691",,,,,,,,,,,,,,,,,,"$31,624","$9,167",,"$17,358",,,,
2043879,,Found Memories (2011),,,,,"$30,154",,,,,,,,,,,,,,,,,,,,,,,,,,,,,,,,,,,,,,,,,,,,,,,,,,,,,,,,
0959324,,Max & Co (2007),,,,,,,,,,,,,,,,,,,,,,,,,,,,,,,,"$264,648",,,,,,,,,,,"$459,378",,,,,,,,,,,,,,,,,,
1757939,,¡Vivan las Antipodas! (2011),,,,,,,,,,,,,,,,,,,,,,,,,,,,,,,,,,,,,,,,,,,"$12,578",,,,,,,,,,,,,,,,,,
3165552,,Ciudad Delirio (2014),,,,,,,,,,,,,,,,,,,,,,,,,,,,,,,,,,,,,,"$5,109",,,,,,,,,,,,,,,,,,,,,,,
2124829,,The Field of Enchantment (2011),,,,,,,,,,,,,,,,,,,,,,,,,,,,,,,,,,,,,,,,,,,"$26,615",,,,,,,,,,,,,,,,,,
1245775,,Twigson (2009),,,"$3,691",$666,,,,,,,,,,,,,"$139,075",,,,,,,,,,,,,,,,,,,"$4,202,665",,,,,,,,,,,,,,,,,,,,,,,,,
4613272,,Kaili Blues (2015),,,,,,,,"$903,072",,,,,,,,,,,,,,,,,,,,,,,,,,,,,,,,,,,,,,,,,"$13,350",,,,,,,,,,,,
3451720,,Francofonia (2015),"$174,500",,"$6,332",,"$56,613","$3,509",,,,,,,,,,,"$17,190",,"$19,247",,,,,,"$190,423",,,,,,,,,,,,,,,,"$35,061","$5,148","$64,762",,,,"$4,838",,"$20,157","$70,680",,,,,,,,"$32,654",,,
3704050,,Remember (2015),"$57,117",,,,"$243,811",,,,,,,"$1,184,564",,,,,"$48,900",,,,,,,,"$623,506",,,,,,,,"$47,442","$82,308",,,,,,,"$7,882","$1,645","$24,800",,,,,"$55,317",,"$76,386",,,"$20,302",,"$23,146",,,"$3,075",,,
4701660,,The Mermaid (2016),,"$843,885",,,,,,"$526,848,189",,,,,,,,,,,,"$7,698,235",,,,,,,,,,,"$7,025,381",,,"$177,911",,,,,,,,,,,"$3,110,642",,,,,,,,,"$279,960",,,,"$173,553",,,"$4,419,787"
3169832,,Incidencias (2015),,,,,,,,,,,,,,,,,,,,,,,,,,,,,,,,,,,,,,,,,,,"$4,770",,,,,,,,,,,,,,,,,,
0267261,,Black Angel (2002),,,,,,,,,,,,,,,,,,,,,,,,,"$346,481",,,,,,,,,,,,,,,,,,,,,,,,,"$1,067",,,,,,,,,,,
2318360,,Morgana (2012),,,,,,,,,,,,,,,,,,,,,,,,,,,,,,,,"$1,340,446",,,,,,"$136,053",,,,,,,,,,,,,,,,,,,,,,,
3955894,,Girl Asleep (2015),,,,,,,,,,,,,,,,,,,,,,,,,,,,,,,,,,"$3,767",,,,,,,,,,,,,,,,,,,,,,,,,,,
1974419,,The Neon Demon (2016),,,,,,,,,,,,,,,"$30,043","$960,581",,,"$5,035",,,"$6,825",,,"$129,660",,,,,"$15,362",,,"$77,824","$7,014",,"$23,860",,,,,"$12,718","$8,226","$11,284",,,,,,"$7,390","$16,614",,,,"$5,792","$27,072",,"$24,447","$370,829",,,
4291590,,Évolution (2015),,,,,,,,,,,,,,,,,,,,,,,,,,,,,,,,,,,,,,,,,$261,,$735,,,,,,,,,,,,"$5,060",,,"$25,159",,,
2262161,,Sunset Song (2015),,"$69,346",,,,,,,,,,,,,,"$64,465",,,,,,,,,,,,,,,,,,"$71,481",,,,,,,,,"$11,847",,,,,,,"$209,860",,,,,,,,"$715,769",,,
3775086,,They Call Me Jeeg Robot (2015),,,,,,,,,,,,,,,,"$257,657",,,"$2,356",,,,,,"$5,713,331",,,,,,,,,,,,,,,,,,,,,,,,,,,,,,,,,,,,
0794338,,Sakuran (2006),,,,,,,,,,,,,,,,,,,,,,,,,,"$5,973,534",,,,,,,,,,,,,,,,,,,,,,,"$56,935",,,,"$106,801",,,,,,,,
1355546,,Ayan (2009),,,,,,,,,,,,,,,,,,,,,,,,,,,,,,,"$1,046,027",,,,,,,,,,,,,,,,,,,,,,,,,,,,,,
3626076,,Rodina (2015),,,,,,,,,,,,,,,,,,,,,,,,,,,,,,,,,,,,,,,,,,,"$691,120",,,,,,,,,,,,,,,,,,
1796652,,Tokyo Family (2013),,,,,"$15,465",,,,,,,,,,,,,,,"$122,781",,,,,,"$16,713,198",,,,,,,,,,,,,,,,,,,"$11,063",,,,"$64,296",,,,,,,,,,,,
3678656,,You're Ugly Too (2015),,,,,,,,,,,,,,,,,"$45,640",,,"$2,646",,,,,,,,,,,,,,,,,,,,,,,,,,,,,,"$40,087",,,,,,,,,,,
2093991,,Elvis & Nixon (2016),,,,,"$11,985",,,,,,,,,,,"$265,796",,,,,,,,,"$285,111",,,,,,,,,,,,,,,,,,"$54,556",,,,,,,"$13,883","$1,559",,,,,"$8,418","$24,025","$77,812",,,
3907314,,The Iron Ministry (2014),,,,,,,,,,,,,,,,,,,,,,,,,,,,,,,,,,,,,,,,,,,$545,,,,,,,,,,,,,,,,,,
4424228,,The Patriarch (2016),,,,,,,,,,,,,,,,,,,,,,,,,,,,,,,,,,"$913,153",,,,,,,,,,,,,,,,,,,,,,,,,,,
4110568,,Dil Dhadakne Do (2015),,"$380,561","$3,280",,,,,,,,,,,,,,,,,,,,"$13,708,447",,,,,,,,,,,"$81,009",,,,,,,,,,,,,,,,,,,,,,,,"$630,680",,,
2057392,,Eye in the Sky (2015),"$69,061","$2,074,059",,,"$119,785",,"$61,034","$2,523,370",,,,,,,,,,,,,,,,,"$267,257",,,,"$154,649","$20,923",,"$992,418","$447,301","$494,679",,,"$6,233","$72,299",,,"$171,779",,,,"$165,968",,"$5,998","$98,191","$96,934","$1,451,609",,,"$92,372",,"$55,707",,"$429,783","$6,637,511",,"$46,138",
0337708,,The Rocket Post (2004),,,,,,,,,,,,,,,,,,,,,,,,,,,,,,,,,,"$58,112",,,,,,,,,,,,,,,,,,,,,,,,"$6,233",,,
3766394,,"Hello, My Name Is Doris (2015)",,"$27,225",,,,,,,,,,,,,,,,,,,,,,"$86,047",,,,,,,,,,,,,,,,,,,,,,,,"$40,302",,"$52,547","$8,328",,,,,,,,,,
2506388,,Mademoiselle C (2013),,,,,,,,,,,,,,,,"$16,504",,,,,,,,,,,,,,,,,,,,,,,,,,,,,,,,,,"$1,391",,,,,,,,"$10,058",,,
2091935,,Mr. Right (2015),,,,,,,,,,"$5,761",,,,,,,,,,,"$12,800",,,,,,,,"$4,371","$14,930","$23,777",,,"$9,558",,,"$11,150",,,,"$16,917","$131,114",,,,"$22,344","$12,672","$57,870","$79,539",,,,,"$17,043","$5,090",,"$147,965",,,,
1992138,,Force (2011),,"$72,907",,,,,,,,,,,,,,,,,,,,,"$4,716,590",,,,,,,,"$11,044",,,"$2,914",,,,,,,,,,,,,,,,,,,,,,,,,,,
4257926,,Miracles from Heaven (2016),"$10,514","$628,508",,,"$752,487","$16,777",,,"$494,995",,"$7,563","$61,705,123","$368,819","$9,632",,,"$105,516","$2,063",,"$248,461",,,,,,"$183,730","$2,173",,"$42,890",,,"$5,708,535",,,"$57,884","$278,715",,,"$259,836","$271,604","$70,659",,,,"$79,412","$85,720",,"$93,805","$100,822","$214,174",,,,,,"$36,658","$35,342","$67,579",,,
4210080,,The Confirmation (2016),,,,,,,,,,,,,,,,,,,,,,,,,,,,,,,,,,"$5,746",,,,,,,,,,,,,,,,,,,,,,,,,,,
3922816,,The Daughter (2015),,"$1,261,968",,,,,,,,,,,,,,,,,,,,,,,,,,,,"$1,398",,,"$94,668","$47,438",,"$5,914",,,,,"$18,554",,,,,,,,,,,,,,,,,"$49,118",,,
4273292,,Under the Shadow (2016),,,,,,,,,,,,,,,,,,,"$6,298",,,,,,,,,,,,,,,"$1,911",,,,,,,,,,,,,,,,,,,,,,,,"$93,215",,,
